FullName,Website
Fortitude Investment Partners,https://www.fortitudeinvest.com.au
Adamantem Capital,https://www.adamantem.com.au
Allegro Funds,https://www.allegrofunds.com.au
Anacacia Capital,https://www.anacacia.com.au
Anchorage Capital Partners,https://www.anchoragecapital.com.au
Bain Capital,https://www.baincapital.com/
Boab Capital Group,https://www.boabcg.com
Bridgeport Capital,https://www.bridgeportcapital.com.au
CPE Capital,https://cpecapital.com/
Crescent Capital Partners,https://www.crescentcap.com.au
Evolve Private Capital Pty Ltd,https://www.evolveprivatecapital.com
Greenwich Capital Partners,https://www.greenwichcapital.com.au
Kestrel Capital Pty Ltd,https://www.kestrelcapital.com.au
KKR,https://www.kkr.com
LVP,https://lvpfunds.com.au
MA Asset Management,https://moelis.com
Mercury Capital,https://www.mercurycapital.com.au
Navis Capital Partners,https://www.naviscapital.com
Next Capital,https://www.nextcapital.com.au
Odyssey Private Equity,https://www.odysseype.com.au
Pacific Equity Partners,https://www.pep.com.au
Quadrant Private Equity,https://www.quadrantpe.com.au
Real Asset Management Pty Ltd,https://ramgroup.com
Tasman Capital Partners,https://www.tasmancapital.com.au
Advent Partners,https://www.advent.com.au
Livingbridge Aus Pty Ltd,https://www.livingbridge.com
Salter Brothers Funds Management,https://www.salterbrothers.com.au
The Riverside Company,https://www.riversidecompany.com
